,exps,acc_pl,acc_prob
0,2,0.4614297921341524,0.608236140763621
1,12,0.46681055636402236,0.3559571496917882
2,22,0.29143441228798667,0.45182370420612333
3,32,0.016896916388167416,0.06848310576361252
4,42,0.005217212558907464,0.005038299202436653
5,52,0.00343787146808379,0.0031599546067024426
6,62,0.0018247889038510718,0.0018692330508210675
