,rank,acc_pl,acc_prob
0,1,0.0008693395045880998,0.0008162404761686982
1,2,0.0011315507848648763,0.001288371361633514
2,3,0.0024880260214885696,0.002346834771620509
3,4,0.0023645290302537056,0.0023673054874549736
4,5,0.00275947861195526,0.002233133075235281
5,6,0.0037175659155588717,0.003241175067282472
6,7,0.003806329169573602,0.0027715059317095867
7,8,0.0015681489553697084,0.0014844865146541408
