,rank,acc_pl,acc_prob
0,1,0.003833046432476611,0.0018884669472844793
1,3,0.00521642605734927,0.00363969995416573
2,5,0.004759395936575489,0.0032780013202190917
3,7,0.004563142022878036,0.0032098893119364923
4,9,0.004564097958058216,0.0030733143305702836
5,11,0.00454265597551082,0.00345866468740466
6,13,0.004902325872892028,0.003888872723082223
7,15,0.004775689978938268,0.0029752406931030546
