,exps,acc_pl,acc_prob
0,2,0.4910253217098384,0.4583445748678681
1,12,0.0034955225662968467,0.00455227135740091
2,22,0.0012396472186248157,0.0016786556690036704
