,rank,acc_pl,acc_prob
0,1,0.0008106645860083412,0.0019352244070366148
1,3,0.003467095815411471,0.003363358326828554
2,5,0.0042214061417861605,0.00308809508866883
3,7,0.004431123348439952,0.0031463623484011285
4,9,0.004533832942892914,0.003287085905685425
5,11,0.004515279482893686,0.003193114881400475
6,13,0.0049047106669138,0.003981240480988422
7,15,0.004798619783127042,0.0032142105686468157
