,rank,acc_pl,acc_prob
0,1,0.0008699054519624425,0.0008595640091258367
1,2,0.001132088466969291,0.0012309189294525162
2,3,0.003027734659185779,0.002408532134601409
3,4,0.0023882866617237286,0.0022260831228882536
4,5,0.0026998199569485525,0.0022784865858306446
5,6,0.0036078742141897693,0.003099063744124781
6,7,0.003696337327768494,0.00289100288593961
7,8,0.001576478505412753,0.0016005318112925124
